angle,sine
float,float
,
0.0,0.0
0.0628318530718,0.0627905195293
0.125663706144,0.125333233564
0.188495559215,0.187381314586
0.251327412287,0.248689887165
0.314159265359,0.309016994375
0.376991118431,0.368124552685
0.439822971503,0.425779291565
0.502654824574,0.481753674102
0.565486677646,0.535826794979
0.628318530718,0.587785252292
0.69115038379,0.637423989749
0.753982236862,0.684547105929
0.816814089933,0.728968627421
0.879645943005,0.770513242776
0.942477796077,0.809016994375
1.00530964915,0.844327925502
1.06814150222,0.876306680044
1.13097335529,0.904827052466
1.19380520836,0.929776485888
1.25663706144,0.951056516295
1.31946891451,0.968583161129
1.38230076758,0.982287250729
1.44513262065,0.992114701314
1.50796447372,0.998026728428
1.57079632679,1.0
1.63362817987,0.998026728428
1.69646003294,0.992114701314
1.75929188601,0.982287250729
1.82212373908,0.968583161129
1.88495559215,0.951056516295
1.94778744523,0.929776485888
2.0106192983,0.904827052466
2.07345115137,0.876306680044
2.13628300444,0.844327925502
2.19911485751,0.809016994375
2.26194671058,0.770513242776
2.32477856366,0.728968627421
2.38761041673,0.684547105929
2.4504422698,0.637423989749
2.51327412287,0.587785252292
2.57610597594,0.535826794979
2.63893782902,0.481753674102
2.70176968209,0.425779291565
2.76460153516,0.368124552685
2.82743338823,0.309016994375
2.8902652413,0.248689887165
2.95309709437,0.187381314586
3.01592894745,0.125333233564
3.07876080052,0.0627905195293
3.14159265359,1.22464679915e-16
3.20442450666,-0.0627905195293
3.26725635973,-0.125333233564
3.33008821281,-0.187381314586
3.39292006588,-0.248689887165
3.45575191895,-0.309016994375
3.51858377202,-0.368124552685
3.58141562509,-0.425779291565
3.64424747816,-0.481753674102
3.70707933124,-0.535826794979
3.76991118431,-0.587785252292
3.83274303738,-0.637423989749
3.89557489045,-0.684547105929
3.95840674352,-0.728968627421
4.02123859659,-0.770513242776
4.08407044967,-0.809016994375
4.14690230274,-0.844327925502
4.20973415581,-0.876306680044
4.27256600888,-0.904827052466
4.33539786195,-0.929776485888
4.39822971503,-0.951056516295
4.4610615681,-0.968583161129
4.52389342117,-0.982287250729
4.58672527424,-0.992114701314
4.64955712731,-0.998026728428
4.71238898038,-1.0
4.77522083346,-0.998026728428
4.83805268653,-0.992114701314
4.9008845396,-0.982287250729
4.96371639267,-0.968583161129
5.02654824574,-0.951056516295
5.08938009882,-0.929776485888
5.15221195189,-0.904827052466
5.21504380496,-0.876306680044
5.27787565803,-0.844327925502
5.3407075111,-0.809016994375
5.40353936417,-0.770513242776
5.46637121725,-0.728968627421
5.52920307032,-0.684547105929
5.59203492339,-0.637423989749
5.65486677646,-0.587785252292
5.71769862953,-0.535826794979
5.78053048261,-0.481753674102
5.84336233568,-0.425779291565
5.90619418875,-0.368124552685
5.96902604182,-0.309016994375
6.03185789489,-0.248689887165
6.09468974796,-0.187381314586
6.15752160104,-0.125333233564
6.22035345411,-0.0627905195293
6.28318530718,-2.44929359829e-16
6.34601716025,0.0627905195293
6.40884901332,0.125333233564
6.47168086639,0.187381314586
6.53451271947,0.248689887165
6.59734457254,0.309016994375
6.66017642561,0.368124552685
6.72300827868,0.425779291565
6.78584013175,0.481753674102
6.84867198483,0.535826794979
6.9115038379,0.587785252292
6.97433569097,0.637423989749
7.03716754404,0.684547105929
7.09999939711,0.728968627421
7.16283125018,0.770513242776
7.22566310326,0.809016994375
7.28849495633,0.844327925502
7.3513268094,0.876306680044
7.41415866247,0.904827052466
7.47699051554,0.929776485888
7.53982236862,0.951056516295
7.60265422169,0.968583161129
7.66548607476,0.982287250729
7.72831792783,0.992114701314
7.7911497809,0.998026728428
7.85398163397,1.0
7.91681348705,0.998026728428
7.97964534012,0.992114701314
8.04247719319,0.982287250729
8.10530904626,0.968583161129
8.16814089933,0.951056516295
8.23097275241,0.929776485888
8.29380460548,0.904827052466
8.35663645855,0.876306680044
8.41946831162,0.844327925502
8.48230016469,0.809016994375
8.54513201776,0.770513242776
8.60796387084,0.728968627421
8.67079572391,0.684547105929
8.73362757698,0.637423989749
8.79645943005,0.587785252292
8.85929128312,0.535826794979
8.9221231362,0.481753674102
8.98495498927,0.425779291565
9.04778684234,0.368124552685
9.11061869541,0.309016994375
9.17345054848,0.248689887165
9.23628240155,0.187381314586
9.29911425463,0.125333233564
9.3619461077,0.0627905195293
9.42477796077,3.67394039744e-16
9.48760981384,-0.0627905195293
9.55044166691,-0.125333233564
9.61327351998,-0.187381314586
9.67610537306,-0.248689887165
9.73893722613,-0.309016994375
9.8017690792,-0.368124552685
9.86460093227,-0.425779291565
9.92743278534,-0.481753674102
9.99026463842,-0.535826794979
10.0530964915,-0.587785252292
10.1159283446,-0.637423989749
10.1787601976,-0.684547105929
10.2415920507,-0.728968627421
10.3044239038,-0.770513242776
10.3672557568,-0.809016994375
10.4300876099,-0.844327925502
10.492919463,-0.876306680044
10.5557513161,-0.904827052466
10.6185831691,-0.929776485888
10.6814150222,-0.951056516295
10.7442468753,-0.968583161129
10.8070787283,-0.982287250729
10.8699105814,-0.992114701314
10.9327424345,-0.998026728428
10.9955742876,-1.0
11.0584061406,-0.998026728428
11.1212379937,-0.992114701314
11.1840698468,-0.982287250729
11.2469016999,-0.968583161129
11.3097335529,-0.951056516295
11.372565406,-0.929776485888
11.4353972591,-0.904827052466
11.4982291121,-0.876306680044
11.5610609652,-0.844327925502
11.6238928183,-0.809016994375
11.6867246714,-0.770513242776
11.7495565244,-0.728968627421
11.8123883775,-0.684547105929
11.8752202306,-0.637423989749
11.9380520836,-0.587785252292
12.0008839367,-0.535826794979
12.0637157898,-0.481753674102
12.1265476429,-0.425779291565
12.1893794959,-0.368124552685
12.252211349,-0.309016994375
12.3150432021,-0.248689887165
12.3778750551,-0.187381314586
12.4407069082,-0.125333233564
12.5035387613,-0.0627905195293
12.5663706144,-4.89858719659e-16
12.6292024674,0.0627905195293
12.6920343205,0.125333233564
12.7548661736,0.187381314586
12.8176980266,0.248689887165
12.8805298797,0.309016994375
12.9433617328,0.368124552685
13.0061935859,0.425779291565
13.0690254389,0.481753674102
13.131857292,0.535826794979
13.1946891451,0.587785252292
13.2575209981,0.637423989749
13.3203528512,0.684547105929
13.3831847043,0.728968627421
13.4460165574,0.770513242776
13.5088484104,0.809016994375
13.5716802635,0.844327925502
13.6345121166,0.876306680044
13.6973439697,0.904827052466
13.7601758227,0.929776485888
13.8230076758,0.951056516295
13.8858395289,0.968583161129
13.9486713819,0.982287250729
14.011503235,0.992114701314
14.0743350881,0.998026728428
14.1371669412,1.0
14.1999987942,0.998026728428
14.2628306473,0.992114701314
14.3256625004,0.982287250729
14.3884943534,0.968583161129
14.4513262065,0.951056516295
14.5141580596,0.929776485888
14.5769899127,0.904827052466
14.6398217657,0.876306680044
14.7026536188,0.844327925502
14.7654854719,0.809016994375
14.8283173249,0.770513242776
14.891149178,0.728968627421
14.9539810311,0.684547105929
15.0168128842,0.637423989749
15.0796447372,0.587785252292
15.1424765903,0.535826794979
15.2053084434,0.481753674102
15.2681402964,0.425779291565
15.3309721495,0.368124552685
15.3938040026,0.309016994375
15.4566358557,0.248689887165
15.5194677087,0.187381314586
15.5822995618,0.125333233564
15.6451314149,0.0627905195293
15.7079632679,2.38868023897e-15
15.770795121,-0.0627905195293
15.8336269741,-0.125333233564
15.8964588272,-0.187381314586
15.9592906802,-0.248689887165
16.0221225333,-0.309016994375
16.0849543864,-0.368124552685
16.1477862395,-0.425779291565
16.2106180925,-0.481753674102
16.2734499456,-0.535826794979
16.3362817987,-0.587785252292
16.3991136517,-0.637423989749
16.4619455048,-0.684547105929
16.5247773579,-0.728968627421
16.587609211,-0.770513242776
16.650441064,-0.809016994375
16.7132729171,-0.844327925502
16.7761047702,-0.876306680044
16.8389366232,-0.904827052466
16.9017684763,-0.929776485888
16.9646003294,-0.951056516295
17.0274321825,-0.968583161129
17.0902640355,-0.982287250729
17.1530958886,-0.992114701314
17.2159277417,-0.998026728428
17.2787595947,-1.0
17.3415914478,-0.998026728428
17.4044233009,-0.992114701314
17.467255154,-0.982287250729
17.530087007,-0.968583161129
17.5929188601,-0.951056516295
17.6557507132,-0.929776485888
17.7185825662,-0.904827052466
17.7814144193,-0.876306680044
17.8442462724,-0.844327925502
17.9070781255,-0.809016994375
17.9699099785,-0.770513242776
18.0327418316,-0.728968627421
18.0955736847,-0.684547105929
18.1584055377,-0.637423989749
18.2212373908,-0.587785252292
18.2840692439,-0.535826794979
18.346901097,-0.481753674102
18.40973295,-0.425779291565
18.4725648031,-0.368124552685
18.5353966562,-0.309016994375
18.5982285093,-0.248689887165
18.6610603623,-0.187381314586
18.7238922154,-0.125333233564
18.7867240685,-0.0627905195293
18.8495559215,-7.34788079488e-16
18.9123877746,0.0627905195293
18.9752196277,0.125333233564
19.0380514808,0.187381314586
19.1008833338,0.248689887165
19.1637151869,0.309016994375
19.22654704,0.368124552685
19.289378893,0.425779291565
19.3522107461,0.481753674102
19.4150425992,0.535826794979
19.4778744523,0.587785252292
19.5407063053,0.637423989749
19.6035381584,0.684547105929
19.6663700115,0.728968627421
19.7292018645,0.770513242776
19.7920337176,0.809016994375
19.8548655707,0.844327925502
19.9176974238,0.876306680044
19.9805292768,0.904827052466
20.0433611299,0.929776485888
20.106192983,0.951056516295
20.169024836,0.968583161129
20.2318566891,0.982287250729
20.2946885422,0.992114701314
20.3575203953,0.998026728428
20.4203522483,1.0
20.4831841014,0.998026728428
20.5460159545,0.992114701314
20.6088478075,0.982287250729
20.6716796606,0.968583161129
20.7345115137,0.951056516295
20.7973433668,0.929776485888
20.8601752198,0.904827052466
20.9230070729,0.876306680044
20.985838926,0.844327925502
21.0486707791,0.809016994375
21.1115026321,0.770513242776
21.1743344852,0.728968627421
21.2371663383,0.684547105929
21.2999981913,0.637423989749
21.3628300444,0.587785252292
21.4256618975,0.535826794979
21.4884937506,0.481753674102
21.5513256036,0.425779291565
21.6141574567,0.368124552685
21.6769893098,0.309016994375
21.7398211628,0.248689887165
21.8026530159,0.187381314586
21.865484869,0.125333233564
21.9283167221,0.0627905195293
21.9911485751,4.4099664382e-15
22.0539804282,-0.0627905195293
22.1168122813,-0.125333233564
22.1796441343,-0.187381314586
22.2424759874,-0.248689887165
22.3053078405,-0.309016994375
22.3681396936,-0.368124552685
22.4309715466,-0.425779291565
22.4938033997,-0.481753674102
22.5566352528,-0.535826794979
22.6194671058,-0.587785252292
22.6822989589,-0.637423989749
22.745130812,-0.684547105929
22.8079626651,-0.728968627421
22.8707945181,-0.770513242776
22.9336263712,-0.809016994375
22.9964582243,-0.844327925502
23.0592900773,-0.876306680044
23.1221219304,-0.904827052466
23.1849537835,-0.929776485888
23.2477856366,-0.951056516295
23.3106174896,-0.968583161129
23.3734493427,-0.982287250729
23.4362811958,-0.992114701314
23.4991130489,-0.998026728428
23.5619449019,-1.0
23.624776755,-0.998026728428
23.6876086081,-0.992114701314
23.7504404611,-0.982287250729
23.8132723142,-0.968583161129
23.8761041673,-0.951056516295
23.9389360204,-0.929776485888
24.0017678734,-0.904827052466
24.0645997265,-0.876306680044
24.1274315796,-0.844327925502
24.1902634326,-0.809016994375
24.2530952857,-0.770513242776
24.3159271388,-0.728968627421
24.3787589919,-0.684547105929
24.4415908449,-0.637423989749
24.504422698,-0.587785252292
24.5672545511,-0.535826794979
24.6300864041,-0.481753674102
24.6929182572,-0.425779291565
24.7557501103,-0.368124552685
24.8185819634,-0.309016994375
24.8814138164,-0.248689887165
24.9442456695,-0.187381314586
25.0070775226,-0.125333233564
25.0699093756,-0.0627905195293
25.1327412287,-9.79717439318e-16
25.1955730818,0.0627905195293
25.2584049349,0.125333233564
25.3212367879,0.187381314586
25.384068641,0.248689887165
25.4469004941,0.309016994375
25.5097323471,0.368124552685
25.5725642002,0.425779291565
25.6353960533,0.481753674102
25.6982279064,0.535826794979
25.7610597594,0.587785252292
25.8238916125,0.637423989749
25.8867234656,0.684547105929
25.9495553187,0.728968627421
26.0123871717,0.770513242776
26.0752190248,0.809016994375
26.1380508779,0.844327925502
26.2008827309,0.876306680044
26.263714584,0.904827052466
26.3265464371,0.929776485888
26.3893782902,0.951056516295
26.4522101432,0.968583161129
26.5150419963,0.982287250729
26.5778738494,0.992114701314
26.6407057024,0.998026728428
26.7035375555,1.0
26.7663694086,0.998026728428
26.8292012617,0.992114701314
26.8920331147,0.982287250729
26.9548649678,0.968583161129
27.0176968209,0.951056516295
27.0805286739,0.929776485888
27.143360527,0.904827052466
27.2061923801,0.876306680044
27.2690242332,0.844327925502
27.3318560862,0.809016994375
27.3946879393,0.770513242776
27.4575197924,0.728968627421
27.5203516454,0.684547105929
27.5831834985,0.637423989749
27.6460153516,0.587785252292
27.7088472047,0.535826794979
27.7716790577,0.481753674102
27.8345109108,0.425779291565
27.8973427639,0.368124552685
27.9601746169,0.309016994375
28.02300647,0.248689887165
28.0858383231,0.187381314586
28.1486701762,0.125333233564
28.2115020292,0.0627905195293
28.2743338823,1.10218211923e-15
28.3371657354,-0.0627905195293
28.3999975885,-0.125333233564
28.4628294415,-0.187381314586
28.5256612946,-0.248689887165
28.5884931477,-0.309016994375
28.6513250007,-0.368124552685
28.7141568538,-0.425779291565
28.7769887069,-0.481753674102
28.83982056,-0.535826794979
28.902652413,-0.587785252292
28.9654842661,-0.637423989749
29.0283161192,-0.684547105929
29.0911479722,-0.728968627421
29.1539798253,-0.770513242776
29.2168116784,-0.809016994375
29.2796435315,-0.844327925502
29.3424753845,-0.876306680044
29.4053072376,-0.904827052466
29.4681390907,-0.929776485888
29.5309709437,-0.951056516295
29.5938027968,-0.968583161129
29.6566346499,-0.982287250729
29.719466503,-0.992114701314
29.782298356,-0.998026728428
29.8451302091,-1.0
29.9079620622,-0.998026728428
29.9707939152,-0.992114701314
30.0336257683,-0.982287250729
30.0964576214,-0.968583161129
30.1592894745,-0.951056516295
30.2221213275,-0.929776485888
30.2849531806,-0.904827052466
30.3477850337,-0.876306680044
30.4106168867,-0.844327925502
30.4734487398,-0.809016994375
30.5362805929,-0.770513242776
30.599112446,-0.728968627421
30.661944299,-0.684547105929
30.7247761521,-0.637423989749
30.7876080052,-0.587785252292
30.8504398583,-0.535826794979
30.9132717113,-0.481753674102
30.9761035644,-0.425779291565
31.0389354175,-0.368124552685
31.1017672705,-0.309016994375
31.1645991236,-0.248689887165
31.2274309767,-0.187381314586
31.2902628298,-0.125333233564
31.3530946828,-0.0627905195293
31.4159265359,-4.77736047795e-15
31.478758389,0.0627905195293
31.541590242,0.125333233564
31.6044220951,0.187381314586
31.6672539482,0.248689887165
31.7300858013,0.309016994375
31.7929176543,0.368124552685
31.8557495074,0.425779291565
31.9185813605,0.481753674102
31.9814132135,0.535826794979
32.0442450666,0.587785252292
32.1070769197,0.637423989749
32.1699087728,0.684547105929
32.2327406258,0.728968627421
32.2955724789,0.770513242776
32.358404332,0.809016994375
32.421236185,0.844327925502
32.4840680381,0.876306680044
32.5468998912,0.904827052466
32.6097317443,0.929776485888
32.6725635973,0.951056516295
32.7353954504,0.968583161129
32.7982273035,0.982287250729
32.8610591565,0.992114701314
32.9238910096,0.998026728428
32.9867228627,1.0
33.0495547158,0.998026728428
33.1123865688,0.992114701314
33.1752184219,0.982287250729
33.238050275,0.968583161129
33.3008821281,0.951056516295
33.3637139811,0.929776485888
33.4265458342,0.904827052466
33.4893776873,0.876306680044
33.5522095403,0.844327925502
33.6150413934,0.809016994375
33.6778732465,0.770513242776
33.7407050996,0.728968627421
33.8035369526,0.684547105929
33.8663688057,0.637423989749
33.9292006588,0.587785252292
33.9920325118,0.535826794979
34.0548643649,0.481753674102
34.117696218,0.425779291565
34.1805280711,0.368124552685
34.2433599241,0.309016994375
34.3061917772,0.248689887165
34.3690236303,0.187381314586
34.4318554833,0.125333233564
34.4946873364,0.0627905195293
34.5575191895,-2.20560219974e-15
34.6203510426,-0.0627905195293
34.6831828956,-0.125333233564
34.7460147487,-0.187381314586
34.8088466018,-0.248689887165
34.8716784548,-0.309016994375
34.9345103079,-0.368124552685
34.997342161,-0.425779291565
35.0601740141,-0.481753674102
35.1230058671,-0.535826794979
35.1858377202,-0.587785252292
35.2486695733,-0.637423989749
35.3115014263,-0.684547105929
35.3743332794,-0.728968627421
35.4371651325,-0.770513242776
35.4999969856,-0.809016994375
35.5628288386,-0.844327925502
35.6256606917,-0.876306680044
35.6884925448,-0.904827052466
35.7513243979,-0.929776485888
35.8141562509,-0.951056516295
35.876988104,-0.968583161129
35.9398199571,-0.982287250729
36.0026518101,-0.992114701314
36.0654836632,-0.998026728428
36.1283155163,-1.0
36.1911473694,-0.998026728428
36.2539792224,-0.992114701314
36.3168110755,-0.982287250729
36.3796429286,-0.968583161129
36.4424747816,-0.951056516295
36.5053066347,-0.929776485888
36.5681384878,-0.904827052466
36.6309703409,-0.876306680044
36.6938021939,-0.844327925502
36.756634047,-0.809016994375
36.8194659001,-0.770513242776
36.8822977531,-0.728968627421
36.9451296062,-0.684547105929
37.0079614593,-0.637423989749
37.0707933124,-0.587785252292
37.1336251654,-0.535826794979
37.1964570185,-0.481753674102
37.2592888716,-0.425779291565
37.3221207246,-0.368124552685
37.3849525777,-0.309016994375
37.4477844308,-0.248689887165
37.5106162839,-0.187381314586
37.5734481369,-0.125333233564
37.63627999,-0.0627905195293
37.6991118431,-1.46957615898e-15
37.7619436961,0.0627905195293
37.8247755492,0.125333233564
37.8876074023,0.187381314586
37.9504392554,0.248689887165
38.0132711084,0.309016994375
38.0761029615,0.368124552685
38.1389348146,0.425779291565
38.2017666677,0.481753674102
38.2645985207,0.535826794979
38.3274303738,0.587785252292
38.3902622269,0.637423989749
38.4530940799,0.684547105929
38.515925933,0.728968627421
38.5787577861,0.770513242776
38.6415896392,0.809016994375
38.7044214922,0.844327925502
38.7672533453,0.876306680044
38.8300851984,0.904827052466
38.8929170514,0.929776485888
38.9557489045,0.951056516295
39.0185807576,0.968583161129
39.0814126107,0.982287250729
39.1442444637,0.992114701314
39.2070763168,0.998026728428
39.2699081699,1.0
39.3327400229,0.998026728428
39.395571876,0.992114701314
39.4584037291,0.982287250729
39.5212355822,0.968583161129
39.5840674352,0.951056516295
39.6468992883,0.929776485888
39.7097311414,0.904827052466
39.7725629944,0.876306680044
39.8353948475,0.844327925502
39.8982267006,0.809016994375
39.9610585537,0.770513242776
40.0238904067,0.728968627421
40.0867222598,0.684547105929
40.1495541129,0.637423989749
40.2123859659,0.587785252292
40.275217819,0.535826794979
40.3380496721,0.481753674102
40.4008815252,0.425779291565
40.4637133782,0.368124552685
40.5265452313,0.309016994375
40.5893770844,0.248689887165
40.6522089375,0.187381314586
40.7150407905,0.125333233564
40.7778726436,0.0627905195293
40.8407044967,5.14475451769e-15
40.9035363497,-0.0627905195293
40.9663682028,-0.125333233564
41.0292000559,-0.187381314586
41.092031909,-0.248689887165
41.154863762,-0.309016994375
41.2176956151,-0.368124552685
41.2805274682,-0.425779291565
41.3433593212,-0.481753674102
41.4061911743,-0.535826794979
41.4690230274,-0.587785252292
41.5318548805,-0.637423989749
41.5946867335,-0.684547105929
41.6575185866,-0.728968627421
41.7203504397,-0.770513242776
41.7831822927,-0.809016994375
41.8460141458,-0.844327925502
41.9088459989,-0.876306680044
41.971677852,-0.904827052466
42.034509705,-0.929776485888
42.0973415581,-0.951056516295
42.1601734112,-0.968583161129
42.2230052642,-0.982287250729
42.2858371173,-0.992114701314
42.3486689704,-0.998026728428
42.4115008235,-1.0
42.4743326765,-0.998026728428
42.5371645296,-0.992114701314
42.5999963827,-0.982287250729
42.6628282357,-0.968583161129
42.7256600888,-0.951056516295
42.7884919419,-0.929776485888
42.851323795,-0.904827052466
42.914155648,-0.876306680044
42.9769875011,-0.844327925502
43.0398193542,-0.809016994375
43.1026512073,-0.770513242776
43.1654830603,-0.728968627421
43.2283149134,-0.684547105929
43.2911467665,-0.637423989749
43.3539786195,-0.587785252292
43.4168104726,-0.535826794979
43.4796423257,-0.481753674102
43.5424741788,-0.425779291565
43.6053060318,-0.368124552685
43.6681378849,-0.309016994375
43.730969738,-0.248689887165
43.793801591,-0.187381314586
43.8566334441,-0.125333233564
43.9194652972,-0.0627905195293
43.9822971503,-8.81993287641e-15
44.0451290033,0.0627905195293
44.1079608564,0.125333233564
44.1707927095,0.187381314586
44.2336245625,0.248689887165
44.2964564156,0.309016994375
44.3592882687,0.368124552685
44.4221201218,0.425779291565
44.4849519748,0.481753674102
44.5477838279,0.535826794979
44.610615681,0.587785252292
44.673447534,0.637423989749
44.7362793871,0.684547105929
44.7991112402,0.728968627421
44.8619430933,0.770513242776
44.9247749463,0.809016994375
44.9876067994,0.844327925502
45.0504386525,0.876306680044
45.1132705055,0.904827052466
45.1761023586,0.929776485888
45.2389342117,0.951056516295
45.3017660648,0.968583161129
45.3645979178,0.982287250729
45.4274297709,0.992114701314
45.490261624,0.998026728428
45.5530934771,1.0
45.6159253301,0.998026728428
45.6787571832,0.992114701314
45.7415890363,0.982287250729
45.8044208893,0.968583161129
45.8672527424,0.951056516295
45.9300845955,0.929776485888
45.9929164486,0.904827052466
46.0557483016,0.876306680044
46.1185801547,0.844327925502
46.1814120078,0.809016994375
46.2442438608,0.770513242776
46.3070757139,0.728968627421
46.369907567,0.684547105929
46.4327394201,0.637423989749
46.4955712731,0.587785252292
46.5584031262,0.535826794979
46.6212349793,0.481753674102
46.6840668323,0.425779291565
46.7468986854,0.368124552685
46.8097305385,0.309016994375
46.8725623916,0.248689887165
46.9353942446,0.187381314586
46.9982260977,0.125333233564
47.0610579508,0.0627905195293
47.1238898038,5.38968387752e-15
47.1867216569,-0.0627905195293
47.24955351,-0.125333233564
47.3123853631,-0.187381314586
47.3752172161,-0.248689887165
47.4380490692,-0.309016994375
47.5008809223,-0.368124552685
47.5637127753,-0.425779291565
47.6265446284,-0.481753674102
47.6893764815,-0.535826794979
47.7522083346,-0.587785252292
47.8150401876,-0.637423989749
47.8778720407,-0.684547105929
47.9407038938,-0.728968627421
48.0035357469,-0.770513242776
48.0663675999,-0.809016994375
48.129199453,-0.844327925502
48.1920313061,-0.876306680044
48.2548631591,-0.904827052466
48.3176950122,-0.929776485888
48.3805268653,-0.951056516295
48.4433587184,-0.968583161129
48.5061905714,-0.982287250729
48.5690224245,-0.992114701314
48.6318542776,-0.998026728428
48.6946861306,-1.0
48.7575179837,-0.998026728428
48.8203498368,-0.992114701314
48.8831816899,-0.982287250729
48.9460135429,-0.968583161129
49.008845396,-0.951056516295
49.0716772491,-0.929776485888
49.1345091021,-0.904827052466
49.1973409552,-0.876306680044
49.2601728083,-0.844327925502
49.3230046614,-0.809016994375
49.3858365144,-0.770513242776
49.4486683675,-0.728968627421
49.5115002206,-0.684547105929
49.5743320736,-0.637423989749
49.6371639267,-0.587785252292
49.6999957798,-0.535826794979
49.7628276329,-0.481753674102
49.8256594859,-0.425779291565
49.888491339,-0.368124552685
49.9513231921,-0.309016994375
50.0141550451,-0.248689887165
50.0769868982,-0.187381314586
50.1398187513,-0.125333233564
50.2026506044,-0.0627905195293
50.2654824574,-1.95943487864e-15
50.3283143105,0.0627905195293
50.3911461636,0.125333233564
50.4539780167,0.187381314586
50.5168098697,0.248689887165
50.5796417228,0.309016994375
50.6424735759,0.368124552685
50.7053054289,0.425779291565
50.768137282,0.481753674102
50.8309691351,0.535826794979
50.8938009882,0.587785252292
50.9566328412,0.637423989749
51.0194646943,0.684547105929
51.0822965474,0.728968627421
51.1451284004,0.770513242776
51.2079602535,0.809016994375
51.2707921066,0.844327925502
51.3336239597,0.876306680044
51.3964558127,0.904827052466
51.4592876658,0.929776485888
51.5221195189,0.951056516295
51.5849513719,0.968583161129
51.647783225,0.982287250729
51.7106150781,0.992114701314
51.7734469312,0.998026728428
51.8362787842,1.0
51.8991106373,0.998026728428
51.9619424904,0.992114701314
52.0247743434,0.982287250729
52.0876061965,0.968583161129
52.1504380496,0.951056516295
52.2132699027,0.929776485888
52.2761017557,0.904827052466
52.3389336088,0.876306680044
52.4017654619,0.844327925502
52.4645973149,0.809016994375
52.527429168,0.770513242776
52.5902610211,0.728968627421
52.6530928742,0.684547105929
52.7159247272,0.637423989749
52.7787565803,0.587785252292
52.8415884334,0.535826794979
52.9044202865,0.481753674102
52.9672521395,0.425779291565
53.0300839926,0.368124552685
53.0929158457,0.309016994375
53.1557476987,0.248689887165
53.2185795518,0.187381314586
53.2814114049,0.125333233564
53.344243258,0.0627905195293
53.407075111,5.63461323735e-15
53.4699069641,-0.0627905195293
53.5327388172,-0.125333233564
53.5955706702,-0.187381314586
53.6584025233,-0.248689887165
53.7212343764,-0.309016994375
53.7840662295,-0.368124552685
53.8468980825,-0.425779291565
53.9097299356,-0.481753674102
53.9725617887,-0.535826794979
54.0353936417,-0.587785252292
54.0982254948,-0.637423989749
54.1610573479,-0.684547105929
54.223889201,-0.728968627421
54.286721054,-0.770513242776
54.3495529071,-0.809016994375
54.4123847602,-0.844327925502
54.4752166132,-0.876306680044
54.5380484663,-0.904827052466
54.6008803194,-0.929776485888
54.6637121725,-0.951056516295
54.7265440255,-0.968583161129
54.7893758786,-0.982287250729
54.8522077317,-0.992114701314
54.9150395847,-0.998026728428
54.9778714378,-1.0
55.0407032909,-0.998026728428
55.103535144,-0.992114701314
55.166366997,-0.982287250729
55.2291988501,-0.968583161129
55.2920307032,-0.951056516295
55.3548625563,-0.929776485888
55.4176944093,-0.904827052466
55.4805262624,-0.876306680044
55.5433581155,-0.844327925502
55.6061899685,-0.809016994375
55.6690218216,-0.770513242776
55.7318536747,-0.728968627421
55.7946855278,-0.684547105929
55.8575173808,-0.637423989749
55.9203492339,-0.587785252292
55.983181087,-0.535826794979
56.04601294,-0.481753674102
56.1088447931,-0.425779291565
56.1716766462,-0.368124552685
56.2345084993,-0.309016994375
56.2973403523,-0.248689887165
56.3601722054,-0.187381314586
56.4230040585,-0.125333233564
56.4858359115,-0.0627905195293
56.5486677646,-2.20436423847e-15
56.6114996177,0.0627905195293
56.6743314708,0.125333233564
56.7371633238,0.187381314586
56.7999951769,0.248689887165
56.86282703,0.309016994375
56.925658883,0.368124552685
56.9884907361,0.425779291565
57.0513225892,0.481753674102
57.1141544423,0.535826794979
57.1769862953,0.587785252292
57.2398181484,0.637423989749
57.3026500015,0.684547105929
57.3654818545,0.728968627421
57.4283137076,0.770513242776
57.4911455607,0.809016994375
57.5539774138,0.844327925502
57.6168092668,0.876306680044
57.6796411199,0.904827052466
57.742472973,0.929776485888
57.8053048261,0.951056516295
57.8681366791,0.968583161129
57.9309685322,0.982287250729
57.9938003853,0.992114701314
58.0566322383,0.998026728428
58.1194640914,1.0
58.1822959445,0.998026728428
58.2451277976,0.992114701314
58.3079596506,0.982287250729
58.3707915037,0.968583161129
58.4336233568,0.951056516295
58.4964552098,0.929776485888
58.5592870629,0.904827052466
58.622118916,0.876306680044
58.6849507691,0.844327925502
58.7477826221,0.809016994375
58.8106144752,0.770513242776
58.8734463283,0.728968627421
58.9362781813,0.684547105929
58.9991100344,0.637423989749
59.0619418875,0.587785252292
59.1247737406,0.535826794979
59.1876055936,0.481753674102
59.2504374467,0.425779291565
59.3132692998,0.368124552685
59.3761011528,0.309016994375
59.4389330059,0.248689887165
59.501764859,0.187381314586
59.5645967121,0.125333233564
59.6274285651,0.0627905195293
59.6902604182,-1.22588476042e-15
59.7530922713,-0.0627905195293
59.8159241243,-0.125333233564
59.8787559774,-0.187381314586
59.9415878305,-0.248689887165
60.0044196836,-0.309016994375
60.0672515366,-0.368124552685
60.1300833897,-0.425779291565
60.1929152428,-0.481753674102
60.2557470959,-0.535826794979
60.3185789489,-0.587785252292
60.381410802,-0.637423989749
60.4442426551,-0.684547105929
60.5070745081,-0.728968627421
60.5699063612,-0.770513242776
60.6327382143,-0.809016994375
60.6955700674,-0.844327925502
60.7584019204,-0.876306680044
60.8212337735,-0.904827052466
60.8840656266,-0.929776485888
60.9468974796,-0.951056516295
61.0097293327,-0.968583161129
61.0725611858,-0.982287250729
61.1353930389,-0.992114701314
61.1982248919,-0.998026728428
61.261056745,-1.0
61.3238885981,-0.998026728428
61.3867204511,-0.992114701314
61.4495523042,-0.982287250729
61.5123841573,-0.968583161129
61.5752160104,-0.951056516295
61.6380478634,-0.929776485888
61.7008797165,-0.904827052466
61.7637115696,-0.876306680044
61.8265434226,-0.844327925502
61.8893752757,-0.809016994375
61.9522071288,-0.770513242776
62.0150389819,-0.728968627421
62.0778708349,-0.684547105929
62.140702688,-0.637423989749
62.2035345411,-0.587785252292
62.2663663941,-0.535826794979
62.3291982472,-0.481753674102
62.3920301003,-0.425779291565
62.4548619534,-0.368124552685
62.5176938064,-0.309016994375
62.5805256595,-0.248689887165
62.6433575126,-0.187381314586
62.7061893657,-0.125333233564
62.7690212187,-0.0627905195293
62.8318530718,-9.5547209559e-15
62.8946849249,0.0627905195293
62.9575167779,0.125333233564
63.020348631,0.187381314586
63.0831804841,0.248689887165
63.1460123372,0.309016994375
63.2088441902,0.368124552685
63.2716760433,0.425779291565
63.3345078964,0.481753674102
63.3973397494,0.535826794979
63.4601716025,0.587785252292
63.5230034556,0.637423989749
63.5858353087,0.684547105929
63.6486671617,0.728968627421
63.7114990148,0.770513242776
63.7743308679,0.809016994375
63.8371627209,0.844327925502
63.899994574,0.876306680044
63.9628264271,0.904827052466
64.0256582802,0.929776485888
64.0884901332,0.951056516295
64.1513219863,0.968583161129
64.2141538394,0.982287250729
64.2769856924,0.992114701314
64.3398175455,0.998026728428
64.4026493986,1.0
64.4654812517,0.998026728428
64.5283131047,0.992114701314
64.5911449578,0.982287250729
64.6539768109,0.968583161129
64.7168086639,0.951056516295
64.779640517,0.929776485888
64.8424723701,0.904827052466
64.9053042232,0.876306680044
64.9681360762,0.844327925502
65.0309679293,0.809016994375
65.0937997824,0.770513242776
65.1566316355,0.728968627421
65.2194634885,0.684547105929
65.2822953416,0.637423989749
65.3451271947,0.587785252292
65.4079590477,0.535826794979
65.4707909008,0.481753674102
65.5336227539,0.425779291565
65.596454607,0.368124552685
65.65928646,0.309016994375
65.7221183131,0.248689887165
65.7849501662,0.187381314586
65.8477820192,0.125333233564
65.9106138723,0.0627905195293
65.9734457254,-9.80955400591e-16
66.0362775785,-0.0627905195293
66.0991094315,-0.125333233564
66.1619412846,-0.187381314586
66.2247731377,-0.248689887165
66.2876049907,-0.309016994375
66.3504368438,-0.368124552685
66.4132686969,-0.425779291565
66.47610055,-0.481753674102
66.538932403,-0.535826794979
66.6017642561,-0.587785252292
66.6645961092,-0.637423989749
66.7274279622,-0.684547105929
66.7902598153,-0.728968627421
66.8530916684,-0.770513242776
66.9159235215,-0.809016994375
66.9787553745,-0.844327925502
67.0415872276,-0.876306680044
67.1044190807,-0.904827052466
67.1672509337,-0.929776485888
67.2300827868,-0.951056516295
67.2929146399,-0.968583161129
67.355746493,-0.982287250729
67.418578346,-0.992114701314
67.4814101991,-0.998026728428
67.5442420522,-1.0
67.6070739053,-0.998026728428
67.6699057583,-0.992114701314
67.7327376114,-0.982287250729
67.7955694645,-0.968583161129
67.8584013175,-0.951056516295
67.9212331706,-0.929776485888
67.9840650237,-0.904827052466
68.0468968768,-0.876306680044
68.1097287298,-0.844327925502
68.1725605829,-0.809016994375
68.235392436,-0.770513242776
68.298224289,-0.728968627421
68.3610561421,-0.684547105929
68.4238879952,-0.637423989749
68.4867198483,-0.587785252292
68.5495517013,-0.535826794979
68.6123835544,-0.481753674102
68.6752154075,-0.425779291565
68.7380472605,-0.368124552685
68.8008791136,-0.309016994375
68.8637109667,-0.248689887165
68.9265428198,-0.187381314586
68.9893746728,-0.125333233564
69.0522065259,-0.0627905195293
69.115038379,4.41120439948e-15
69.177870232,0.0627905195293
69.2407020851,0.125333233564
69.3035339382,0.187381314586
69.3663657913,0.248689887165
69.4291976443,0.309016994375
69.4920294974,0.368124552685
69.5548613505,0.425779291565
69.6176932035,0.481753674102
69.6805250566,0.535826794979
69.7433569097,0.587785252292
69.8061887628,0.637423989749
69.8690206158,0.684547105929
69.9318524689,0.728968627421
69.994684322,0.770513242776
70.0575161751,0.809016994375
70.1203480281,0.844327925502
70.1831798812,0.876306680044
70.2460117343,0.904827052466
70.3088435873,0.929776485888
70.3716754404,0.951056516295
70.4345072935,0.968583161129
70.4973391466,0.982287250729
70.5601709996,0.992114701314
70.6230028527,0.998026728428
70.6858347058,1.0
70.7486665588,0.998026728428
70.8114984119,0.992114701314
70.874330265,0.982287250729
70.9371621181,0.968583161129
70.9999939711,0.951056516295
71.0628258242,0.929776485888
71.1256576773,0.904827052466
71.1884895303,0.876306680044
71.2513213834,0.844327925502
71.3141532365,0.809016994375
71.3769850896,0.770513242776
71.4398169426,0.728968627421
71.5026487957,0.684547105929
71.5654806488,0.637423989749
71.6283125018,0.587785252292
71.6911443549,0.535826794979
71.753976208,0.481753674102
71.8168080611,0.425779291565
71.8796399141,0.368124552685
71.9424717672,0.309016994375
72.0053036203,0.248689887165
72.0681354733,0.187381314586
72.1309673264,0.125333233564
72.1937991795,0.0627905195293
72.2566310326,6.36940131684e-15
72.3194628856,-0.0627905195293
72.3822947387,-0.125333233564
72.4451265918,-0.187381314586
72.5079584449,-0.248689887165
72.5707902979,-0.309016994375
72.633622151,-0.368124552685
72.6964540041,-0.425779291565
72.7592858571,-0.481753674102
72.8221177102,-0.535826794979
72.8849495633,-0.587785252292
72.9477814164,-0.637423989749
73.0106132694,-0.684547105929
73.0734451225,-0.728968627421
73.1362769756,-0.770513242776
73.1991088286,-0.809016994375
73.2619406817,-0.844327925502
73.3247725348,-0.876306680044
73.3876043879,-0.904827052466
73.4504362409,-0.929776485888
73.513268094,-0.951056516295
73.5760999471,-0.968583161129
73.6389318001,-0.982287250729
73.7017636532,-0.992114701314
73.7645955063,-0.998026728428
73.8274273594,-1.0
73.8902592124,-0.998026728428
73.9530910655,-0.992114701314
74.0159229186,-0.982287250729
74.0787547716,-0.968583161129
74.1415866247,-0.951056516295
74.2044184778,-0.929776485888
74.2672503309,-0.904827052466
74.3300821839,-0.876306680044
74.392914037,-0.844327925502
74.4557458901,-0.809016994375
74.5185777431,-0.770513242776
74.5814095962,-0.728968627421
74.6442414493,-0.684547105929
74.7070733024,-0.637423989749
74.7699051554,-0.587785252292
74.8327370085,-0.535826794979
74.8955688616,-0.481753674102
74.9584007147,-0.425779291565
75.0212325677,-0.368124552685
75.0840644208,-0.309016994375
75.1468962739,-0.248689887165
75.2097281269,-0.187381314586
75.27255998,-0.125333233564
75.3353918331,-0.0627905195293
75.3982236862,-2.93915231795e-15
75.4610555392,0.0627905195293
75.5238873923,0.125333233564
75.5867192454,0.187381314586
75.6495510984,0.248689887165
75.7123829515,0.309016994375
75.7752148046,0.368124552685
75.8380466577,0.425779291565
75.9008785107,0.481753674102
75.9637103638,0.535826794979
76.0265422169,0.587785252292
76.0893740699,0.637423989749
76.152205923,0.684547105929
76.2150377761,0.728968627421
76.2778696292,0.770513242776
76.3407014822,0.809016994375
76.4035333353,0.844327925502
76.4663651884,0.876306680044
76.5291970414,0.904827052466
76.5920288945,0.929776485888
76.6548607476,0.951056516295
76.7176926007,0.968583161129
76.7805244537,0.982287250729
76.8433563068,0.992114701314
76.9061881599,0.998026728428
76.9690200129,1.0
77.031851866,0.998026728428
77.0946837191,0.992114701314
77.1575155722,0.982287250729
77.2203474252,0.968583161129
77.2831792783,0.951056516295
77.3460111314,0.929776485888
77.4088429845,0.904827052466
77.4716748375,0.876306680044
77.5345066906,0.844327925502
77.5973385437,0.809016994375
77.6601703967,0.770513242776
77.7230022498,0.728968627421
77.7858341029,0.684547105929
77.848665956,0.637423989749
77.911497809,0.587785252292
77.9743296621,0.535826794979
78.0371615152,0.481753674102
78.0999933682,0.425779291565
78.1628252213,0.368124552685
78.2256570744,0.309016994375
78.2884889275,0.248689887165
78.3513207805,0.187381314586
78.4141526336,0.125333233564
78.4769844867,0.0627905195293
78.5398163397,-4.91096680932e-16
78.6026481928,-0.0627905195293
78.6654800459,-0.125333233564
78.728311899,-0.187381314586
78.791143752,-0.248689887165
78.8539756051,-0.309016994375
78.9168074582,-0.368124552685
78.9796393112,-0.425779291565
79.0424711643,-0.481753674102
79.1053030174,-0.535826794979
79.1681348705,-0.587785252292
79.2309667235,-0.637423989749
79.2937985766,-0.684547105929
79.3566304297,-0.728968627421
79.4194622827,-0.770513242776
79.4822941358,-0.809016994375
79.5451259889,-0.844327925502
79.607957842,-0.876306680044
79.670789695,-0.904827052466
79.7336215481,-0.929776485888
79.7964534012,-0.951056516295
79.8592852543,-0.968583161129
79.9221171073,-0.982287250729
79.9849489604,-0.992114701314
80.0477808135,-0.998026728428
80.1106126665,-1.0
80.1734445196,-0.998026728428
80.2362763727,-0.992114701314
80.2991082258,-0.982287250729
80.3619400788,-0.968583161129
80.4247719319,-0.951056516295
80.487603785,-0.929776485888
80.550435638,-0.904827052466
80.6132674911,-0.876306680044
80.6760993442,-0.844327925502
80.7389311973,-0.809016994375
80.8017630503,-0.770513242776
80.8645949034,-0.728968627421
80.9274267565,-0.684547105929
80.9902586095,-0.637423989749
81.0530904626,-0.587785252292
81.1159223157,-0.535826794979
81.1787541688,-0.481753674102
81.2415860218,-0.425779291565
81.3044178749,-0.368124552685
81.367249728,-0.309016994375
81.430081581,-0.248689887165
81.4929134341,-0.187381314586
81.5557452872,-0.125333233564
81.6185771403,-0.0627905195293
81.6814089933,-1.02895090354e-14
81.7442408464,0.0627905195293
81.8070726995,0.125333233564
81.8699045526,0.187381314586
81.9327364056,0.248689887165
81.9955682587,0.309016994375
82.0584001118,0.368124552685
82.1212319648,0.425779291565
82.1840638179,0.481753674102
82.246895671,0.535826794979
82.3097275241,0.587785252292
82.3725593771,0.637423989749
82.4353912302,0.684547105929
82.4982230833,0.728968627421
82.5610549363,0.770513242776
82.6238867894,0.809016994375
82.6867186425,0.844327925502
82.7495504956,0.876306680044
82.8123823486,0.904827052466
82.8752142017,0.929776485888
82.9380460548,0.951056516295
83.0008779078,0.968583161129
83.0637097609,0.982287250729
83.126541614,0.992114701314
83.1893734671,0.998026728428
83.2522053201,1.0
83.3150371732,0.998026728428
83.3778690263,0.992114701314
83.4407008793,0.982287250729
83.5035327324,0.968583161129
83.5663645855,0.951056516295
83.6291964386,0.929776485888
83.6920282916,0.904827052466
83.7548601447,0.876306680044
83.8176919978,0.844327925502
83.8805238508,0.809016994375
83.9433557039,0.770513242776
84.006187557,0.728968627421
84.0690194101,0.684547105929
84.1318512631,0.637423989749
84.1946831162,0.587785252292
84.2575149693,0.535826794979
84.3203468224,0.481753674102
84.3831786754,0.425779291565
84.4460105285,0.368124552685
84.5088423816,0.309016994375
84.5716742346,0.248689887165
84.6345060877,0.187381314586
84.6973379408,0.125333233564
84.7601697939,0.0627905195293
84.8230016469,-7.3515946787e-15
84.8858335,-0.0627905195293
84.9486653531,-0.125333233564
85.0114972061,-0.187381314586
85.0743290592,-0.248689887165
85.1371609123,-0.309016994375
85.1999927654,-0.368124552685
85.2628246184,-0.425779291565
85.3256564715,-0.481753674102
85.3884883246,-0.535826794979
85.4513201776,-0.587785252292
85.5141520307,-0.637423989749
85.5769838838,-0.684547105929
85.6398157369,-0.728968627421
85.7026475899,-0.770513242776
85.765479443,-0.809016994375
85.8283112961,-0.844327925502
85.8911431491,-0.876306680044
85.9539750022,-0.904827052466
86.0168068553,-0.929776485888
86.0796387084,-0.951056516295
86.1424705614,-0.968583161129
86.2053024145,-0.982287250729
86.2681342676,-0.992114701314
86.3309661206,-0.998026728428
86.3937979737,-1.0
86.4566298268,-0.998026728428
86.5194616799,-0.992114701314
86.5822935329,-0.982287250729
86.645125386,-0.968583161129
86.7079572391,-0.951056516295
86.7707890922,-0.929776485888
86.8336209452,-0.904827052466
86.8964527983,-0.876306680044
86.9592846514,-0.844327925502
87.0221165044,-0.809016994375
87.0849483575,-0.770513242776
87.1477802106,-0.728968627421
87.2106120637,-0.684547105929
87.2734439167,-0.637423989749
87.3362757698,-0.587785252292
87.3991076229,-0.535826794979
87.4619394759,-0.481753674102
87.524771329,-0.425779291565
87.5876031821,-0.368124552685
87.6504350352,-0.309016994375
87.7132668882,-0.248689887165
87.7760987413,-0.187381314586
87.8389305944,-0.125333233564
87.9017624474,-0.0627905195293
87.9645943005,-1.76398657528e-14
88.0274261536,0.0627905195293
88.0902580067,0.125333233564
88.1530898597,0.187381314586
88.2159217128,0.248689887165
88.2787535659,0.309016994375
88.3415854189,0.368124552685
88.404417272,0.425779291565
88.4672491251,0.481753674102
88.5300809782,0.535826794979
88.5929128312,0.587785252292
88.6557446843,0.637423989749
88.7185765374,0.684547105929
88.7814083904,0.728968627421
88.8442402435,0.770513242776
88.9070720966,0.809016994375
88.9699039497,0.844327925502
89.0327358027,0.876306680044
89.0955676558,0.904827052466
89.1583995089,0.929776485888
89.221231362,0.951056516295
89.284063215,0.968583161129
89.3468950681,0.982287250729
89.4097269212,0.992114701314
89.4725587742,0.998026728428
89.5353906273,1.0
89.5982224804,0.998026728428
89.6610543335,0.992114701314
89.7238861865,0.982287250729
89.7867180396,0.968583161129
89.8495498927,0.951056516295
89.9123817457,0.929776485888
89.9752135988,0.904827052466
90.0380454519,0.876306680044
90.100877305,0.844327925502
90.163709158,0.809016994375
90.2265410111,0.770513242776
90.2893728642,0.728968627421
90.3522047172,0.684547105929
90.4150365703,0.637423989749
90.4778684234,0.587785252292
90.5407002765,0.535826794979
90.6035321295,0.481753674102
90.6663639826,0.425779291565
90.7291958357,0.368124552685
90.7920276887,0.309016994375
90.8548595418,0.248689887165
90.9176913949,0.187381314586
90.980523248,0.125333233564
91.043355101,0.0627905195293
91.1061869541,1.42096167539e-14
91.1690188072,-0.0627905195293
91.2318506602,-0.125333233564
91.2946825133,-0.187381314586
91.3575143664,-0.248689887165
91.4203462195,-0.309016994375
91.4831780725,-0.368124552685
91.5460099256,-0.425779291565
91.6088417787,-0.481753674102
91.6716736318,-0.535826794979
91.7345054848,-0.587785252292
91.7973373379,-0.637423989749
91.860169191,-0.684547105929
91.923001044,-0.728968627421
91.9858328971,-0.770513242776
92.0486647502,-0.809016994375
92.1114966033,-0.844327925502
92.1743284563,-0.876306680044
92.2371603094,-0.904827052466
92.2999921625,-0.929776485888
92.3628240155,-0.951056516295
92.4256558686,-0.968583161129
92.4884877217,-0.982287250729
92.5513195748,-0.992114701314
92.6141514278,-0.998026728428
92.6769832809,-1.0
92.739815134,-0.998026728428
92.802646987,-0.992114701314
92.8654788401,-0.982287250729
92.9283106932,-0.968583161129
92.9911425463,-0.951056516295
93.0539743993,-0.929776485888
93.1168062524,-0.904827052466
93.1796381055,-0.876306680044
93.2424699585,-0.844327925502
93.3053018116,-0.809016994375
93.3681336647,-0.770513242776
93.4309655178,-0.728968627421
93.4937973708,-0.684547105929
93.5566292239,-0.637423989749
93.619461077,-0.587785252292
93.68229293,-0.535826794979
93.7451247831,-0.481753674102
93.8079566362,-0.425779291565
93.8707884893,-0.368124552685
93.9336203423,-0.309016994375
93.9964521954,-0.248689887165
94.0592840485,-0.187381314586
94.1221159016,-0.125333233564
94.1849477546,-0.0627905195293
94.2477796077,-1.0779367755e-14
94.3106114608,0.0627905195293
94.3734433138,0.125333233564
94.4362751669,0.187381314586
94.49910702,0.248689887165
94.5619388731,0.309016994375
94.6247707261,0.368124552685
94.6876025792,0.425779291565
94.7504344323,0.481753674102
94.8132662853,0.535826794979
94.8760981384,0.587785252292
94.9389299915,0.637423989749
95.0017618446,0.684547105929
95.0645936976,0.728968627421
95.1274255507,0.770513242776
95.1902574038,0.809016994375
95.2530892568,0.844327925502
95.3159211099,0.876306680044
95.378752963,0.904827052466
95.4415848161,0.929776485888
95.5044166691,0.951056516295
95.5672485222,0.968583161129
95.6300803753,0.982287250729
95.6929122283,0.992114701314
95.7557440814,0.998026728428
95.8185759345,1.0
95.8814077876,0.998026728428
95.9442396406,0.992114701314
96.0070714937,0.982287250729
96.0699033468,0.968583161129
96.1327351998,0.951056516295
96.1955670529,0.929776485888
96.258398906,0.904827052466
96.3212307591,0.876306680044
96.3840626121,0.844327925502
96.4468944652,0.809016994375
96.5097263183,0.770513242776
96.5725581714,0.728968627421
96.6353900244,0.684547105929
96.6982218775,0.637423989749
96.7610537306,0.587785252292
96.8238855836,0.535826794979
96.8867174367,0.481753674102
96.9495492898,0.425779291565
97.0123811429,0.368124552685
97.0752129959,0.309016994375
97.138044849,0.248689887165
97.2008767021,0.187381314586
97.2637085551,0.125333233564
97.3265404082,0.0627905195293
97.3893722613,7.34911875616e-15
97.4522041144,-0.0627905195293
97.5150359674,-0.125333233564
97.5778678205,-0.187381314586
97.6406996736,-0.248689887165
97.7035315266,-0.309016994375
97.7663633797,-0.368124552685
97.8291952328,-0.425779291565
97.8920270859,-0.481753674102
97.9548589389,-0.535826794979
98.017690792,-0.587785252292
98.0805226451,-0.637423989749
98.1433544981,-0.684547105929
98.2061863512,-0.728968627421
98.2690182043,-0.770513242776
98.3318500574,-0.809016994375
98.3946819104,-0.844327925502
98.4575137635,-0.876306680044
98.5203456166,-0.904827052466
98.5831774696,-0.929776485888
98.6460093227,-0.951056516295
98.7088411758,-0.968583161129
98.7716730289,-0.982287250729
98.8345048819,-0.992114701314
98.897336735,-0.998026728428
98.9601685881,-1.0
99.0230004412,-0.998026728428
99.0858322942,-0.992114701314
99.1486641473,-0.982287250729
99.2114960004,-0.968583161129
99.2743278534,-0.951056516295
99.3371597065,-0.929776485888
99.3999915596,-0.904827052466
99.4628234127,-0.876306680044
99.5256552657,-0.844327925502
99.5884871188,-0.809016994375
99.6513189719,-0.770513242776
99.7141508249,-0.728968627421
99.776982678,-0.684547105929
99.8398145311,-0.637423989749
99.9026463842,-0.587785252292
99.9654782372,-0.535826794979
100.02831009,-0.481753674102
100.091141943,-0.425779291565
100.153973796,-0.368124552685
100.21680565,-0.309016994375
100.279637503,-0.248689887165
100.342469356,-0.187381314586
100.405301209,-0.125333233564
100.468133062,-0.0627905195293
100.530964915,-3.91886975727e-15
100.593796768,0.0627905195293
100.656628621,0.125333233564
100.719460474,0.187381314586
100.782292327,0.248689887165
100.84512418,0.309016994375
100.907956033,0.368124552685
100.970787886,0.425779291565
101.033619739,0.481753674102
101.096451593,0.535826794979
101.159283446,0.587785252292
101.222115299,0.637423989749
101.284947152,0.684547105929
101.347779005,0.728968627421
101.410610858,0.770513242776
101.473442711,0.809016994375
101.536274564,0.844327925502
101.599106417,0.876306680044
101.66193827,0.904827052466
101.724770123,0.929776485888
101.787601976,0.951056516295
101.850433829,0.968583161129
101.913265682,0.982287250729
101.976097536,0.992114701314
102.038929389,0.998026728428
102.101761242,1.0
102.164593095,0.998026728428
102.227424948,0.992114701314
102.290256801,0.982287250729
102.353088654,0.968583161129
102.415920507,0.951056516295
102.47875236,0.929776485888
102.541584213,0.904827052466
102.604416066,0.876306680044
102.667247919,0.844327925502
102.730079772,0.809016994375
102.792911625,0.770513242776
102.855743479,0.728968627421
102.918575332,0.684547105929
102.981407185,0.637423989749
103.044239038,0.587785252292
103.107070891,0.535826794979
103.169902744,0.481753674102
103.232734597,0.425779291565
103.29556645,0.368124552685
103.358398303,0.309016994375
103.421230156,0.248689887165
103.484062009,0.187381314586
103.546893862,0.125333233564
103.609725715,0.0627905195293
103.672557568,4.88620758386e-16
103.735389422,-0.0627905195293
103.798221275,-0.125333233564
103.861053128,-0.187381314586
103.923884981,-0.248689887165
103.986716834,-0.309016994375
104.049548687,-0.368124552685
104.11238054,-0.425779291565
104.175212393,-0.481753674102
104.238044246,-0.535826794979
104.300876099,-0.587785252292
104.363707952,-0.637423989749
104.426539805,-0.684547105929
104.489371658,-0.728968627421
104.552203511,-0.770513242776
104.615035365,-0.809016994375
104.677867218,-0.844327925502
104.740699071,-0.876306680044
104.803530924,-0.904827052466
104.866362777,-0.929776485888
104.92919463,-0.951056516295
104.992026483,-0.968583161129
105.054858336,-0.982287250729
105.117690189,-0.992114701314
105.180522042,-0.998026728428
105.243353895,-1.0
105.306185748,-0.998026728428
105.369017601,-0.992114701314
105.431849454,-0.982287250729
105.494681308,-0.968583161129
105.557513161,-0.951056516295
105.620345014,-0.929776485888
105.683176867,-0.904827052466
105.74600872,-0.876306680044
105.808840573,-0.844327925502
105.871672426,-0.809016994375
105.934504279,-0.770513242776
105.997336132,-0.728968627421
106.060167985,-0.684547105929
106.122999838,-0.637423989749
106.185831691,-0.587785252292
106.248663544,-0.535826794979
106.311495397,-0.481753674102
106.374327251,-0.425779291565
106.437159104,-0.368124552685
106.499990957,-0.309016994375
106.56282281,-0.248689887165
106.625654663,-0.187381314586
106.688486516,-0.125333233564
106.751318369,-0.0627905195293
106.814150222,-1.12692264747e-14
106.876982075,0.0627905195293
106.939813928,0.125333233564
107.002645781,0.187381314586
107.065477634,0.248689887165
107.128309487,0.309016994375
107.19114134,0.368124552685
107.253973194,0.425779291565
107.316805047,0.481753674102
107.3796369,0.535826794979
107.442468753,0.587785252292
107.505300606,0.637423989749
107.568132459,0.684547105929
107.630964312,0.728968627421
107.693796165,0.770513242776
107.756628018,0.809016994375
107.819459871,0.844327925502
107.882291724,0.876306680044
107.945123577,0.904827052466
108.00795543,0.929776485888
108.070787283,0.951056516295
108.133619137,0.968583161129
108.19645099,0.982287250729
108.259282843,0.992114701314
108.322114696,0.998026728428
108.384946549,1.0
108.447778402,0.998026728428
108.510610255,0.992114701314
108.573442108,0.982287250729
108.636273961,0.968583161129
108.699105814,0.951056516295
108.761937667,0.929776485888
108.82476952,0.904827052466
108.887601373,0.876306680044
108.950433226,0.844327925502
109.01326508,0.809016994375
109.076096933,0.770513242776
109.138928786,0.728968627421
109.201760639,0.684547105929
109.264592492,0.637423989749
109.327424345,0.587785252292
109.390256198,0.535826794979
109.453088051,0.481753674102
109.515919904,0.425779291565
109.578751757,0.368124552685
109.64158361,0.309016994375
109.704415463,0.248689887165
109.767247316,0.187381314586
109.830079169,0.125333233564
109.892911023,0.0627905195293
109.955742876,7.83897747582e-15
110.018574729,-0.0627905195293
110.081406582,-0.125333233564
110.144238435,-0.187381314586
110.207070288,-0.248689887165
110.269902141,-0.309016994375
110.332733994,-0.368124552685
110.395565847,-0.425779291565
110.4583977,-0.481753674102
110.521229553,-0.535826794979
110.584061406,-0.587785252292
110.646893259,-0.637423989749
110.709725113,-0.684547105929
110.772556966,-0.728968627421
110.835388819,-0.770513242776
110.898220672,-0.809016994375
110.961052525,-0.844327925502
111.023884378,-0.876306680044
111.086716231,-0.904827052466
111.149548084,-0.929776485888
111.212379937,-0.951056516295
111.27521179,-0.968583161129
111.338043643,-0.982287250729
111.400875496,-0.992114701314
111.463707349,-0.998026728428
111.526539202,-1.0
111.589371056,-0.998026728428
111.652202909,-0.992114701314
111.715034762,-0.982287250729
111.777866615,-0.968583161129
111.840698468,-0.951056516295
111.903530321,-0.929776485888
111.966362174,-0.904827052466
112.029194027,-0.876306680044
112.09202588,-0.844327925502
112.154857733,-0.809016994375
112.217689586,-0.770513242776
112.280521439,-0.728968627421
112.343353292,-0.684547105929
112.406185145,-0.637423989749
112.469016999,-0.587785252292
112.531848852,-0.535826794979
112.594680705,-0.481753674102
112.657512558,-0.425779291565
112.720344411,-0.368124552685
112.783176264,-0.309016994375
112.846008117,-0.248689887165
112.90883997,-0.187381314586
112.971671823,-0.125333233564
113.034503676,-0.0627905195293
113.097335529,-4.40872847693e-15
113.160167382,0.0627905195293
113.222999235,0.125333233564
113.285831088,0.187381314586
113.348662942,0.248689887165
113.411494795,0.309016994375
113.474326648,0.368124552685
113.537158501,0.425779291565
113.599990354,0.481753674102
113.662822207,0.535826794979
113.72565406,0.587785252292
113.788485913,0.637423989749
113.851317766,0.684547105929
113.914149619,0.728968627421
113.976981472,0.770513242776
114.039813325,0.809016994375
114.102645178,0.844327925502
114.165477031,0.876306680044
114.228308885,0.904827052466
114.291140738,0.929776485888
114.353972591,0.951056516295
114.416804444,0.968583161129
114.479636297,0.982287250729
114.54246815,0.992114701314
114.605300003,0.998026728428
114.668131856,1.0
114.730963709,0.998026728428
114.793795562,0.992114701314
114.856627415,0.982287250729
114.919459268,0.968583161129
114.982291121,0.951056516295
115.045122974,0.929776485888
115.107954828,0.904827052466
115.170786681,0.876306680044
115.233618534,0.844327925502
115.296450387,0.809016994375
115.35928224,0.770513242776
115.422114093,0.728968627421
115.484945946,0.684547105929
115.547777799,0.637423989749
115.610609652,0.587785252292
115.673441505,0.535826794979
115.736273358,0.481753674102
115.799105211,0.425779291565
115.861937064,0.368124552685
115.924768917,0.309016994375
115.987600771,0.248689887165
116.050432624,0.187381314586
116.113264477,0.125333233564
116.17609633,0.0627905195293
116.238928183,9.78479478045e-16
116.301760036,-0.0627905195293
116.364591889,-0.125333233564
116.427423742,-0.187381314586
116.490255595,-0.248689887165
116.553087448,-0.309016994375
116.615919301,-0.368124552685
116.678751154,-0.425779291565
116.741583007,-0.481753674102
116.80441486,-0.535826794979
116.867246714,-0.587785252292
116.930078567,-0.637423989749
116.99291042,-0.684547105929
117.055742273,-0.728968627421
117.118574126,-0.770513242776
117.181405979,-0.809016994375
117.244237832,-0.844327925502
117.307069685,-0.876306680044
117.369901538,-0.904827052466
117.432733391,-0.929776485888
117.495565244,-0.951056516295
117.558397097,-0.968583161129
117.62122895,-0.982287250729
117.684060803,-0.992114701314
117.746892657,-0.998026728428
117.80972451,-1.0
117.872556363,-0.998026728428
117.935388216,-0.992114701314
117.998220069,-0.982287250729
118.061051922,-0.968583161129
118.123883775,-0.951056516295
118.186715628,-0.929776485888
118.249547481,-0.904827052466
118.312379334,-0.876306680044
118.375211187,-0.844327925502
118.43804304,-0.809016994375
118.500874893,-0.770513242776
118.563706746,-0.728968627421
118.6265386,-0.684547105929
118.689370453,-0.637423989749
118.752202306,-0.587785252292
118.815034159,-0.535826794979
118.877866012,-0.481753674102
118.940697865,-0.425779291565
119.003529718,-0.368124552685
119.066361571,-0.309016994375
119.129193424,-0.248689887165
119.192025277,-0.187381314586
119.25485713,-0.125333233564
119.317688983,-0.0627905195293
119.380520836,2.45176952084e-15
119.443352689,0.0627905195293
119.506184543,0.125333233564
119.569016396,0.187381314586
119.631848249,0.248689887165
119.694680102,0.309016994375
119.757511955,0.368124552685
119.820343808,0.425779291565
119.883175661,0.481753674102
119.946007514,0.535826794979
120.008839367,0.587785252292
120.07167122,0.637423989749
120.134503073,0.684547105929
120.197334926,0.728968627421
120.260166779,0.770513242776
120.322998632,0.809016994375
120.385830486,0.844327925502
120.448662339,0.876306680044
120.511494192,0.904827052466
120.574326045,0.929776485888
120.637157898,0.951056516295
120.699989751,0.968583161129
120.762821604,0.982287250729
120.825653457,0.992114701314
120.88848531,0.998026728428
120.951317163,1.0
121.014149016,0.998026728428
121.076980869,0.992114701314
121.139812722,0.982287250729
121.202644575,0.968583161129
121.265476429,0.951056516295
121.328308282,0.929776485888
121.391140135,0.904827052466
121.453971988,0.876306680044
121.516803841,0.844327925502
121.579635694,0.809016994375
121.642467547,0.770513242776
121.7052994,0.728968627421
121.768131253,0.684547105929
121.830963106,0.637423989749
121.893794959,0.587785252292
121.956626812,0.535826794979
122.019458665,0.481753674102
122.082290518,0.425779291565
122.145122372,0.368124552685
122.207954225,0.309016994375
122.270786078,0.248689887165
122.333617931,0.187381314586
122.396449784,0.125333233564
122.459281637,0.0627905195293
122.52211349,-5.88201851973e-15
122.584945343,-0.0627905195293
122.647777196,-0.125333233564
122.710609049,-0.187381314586
122.773440902,-0.248689887165
122.836272755,-0.309016994375
122.899104608,-0.368124552685
122.961936462,-0.425779291565
123.024768315,-0.481753674102
123.087600168,-0.535826794979
123.150432021,-0.587785252292
123.213263874,-0.637423989749
123.276095727,-0.684547105929
123.33892758,-0.728968627421
123.401759433,-0.770513242776
123.464591286,-0.809016994375
123.527423139,-0.844327925502
123.590254992,-0.876306680044
123.653086845,-0.904827052466
123.715918698,-0.929776485888
123.778750551,-0.951056516295
123.841582405,-0.968583161129
123.904414258,-0.982287250729
123.967246111,-0.992114701314
124.030077964,-0.998026728428
124.092909817,-1.0
124.15574167,-0.998026728428
124.218573523,-0.992114701314
124.281405376,-0.982287250729
124.344237229,-0.968583161129
124.407069082,-0.951056516295
124.469900935,-0.929776485888
124.532732788,-0.904827052466
124.595564641,-0.876306680044
124.658396494,-0.844327925502
124.721228348,-0.809016994375
124.784060201,-0.770513242776
124.846892054,-0.728968627421
124.909723907,-0.684547105929
124.97255576,-0.637423989749
125.035387613,-0.587785252292
125.098219466,-0.535826794979
125.161051319,-0.481753674102
125.223883172,-0.425779291565
125.286715025,-0.368124552685
125.349546878,-0.309016994375
125.412378731,-0.248689887165
125.475210584,-0.187381314586
125.538042437,-0.125333233564
125.600874291,-0.0627905195293
125.663706144,-1.91094419118e-14
125.726537997,0.0627905195293
125.78936985,0.125333233564
125.852201703,0.187381314586
125.915033556,0.248689887165
125.977865409,0.309016994375
126.040697262,0.368124552685
126.103529115,0.425779291565
126.166360968,0.481753674102
126.229192821,0.535826794979
126.292024674,0.587785252292
126.354856527,0.637423989749
126.41768838,0.684547105929
126.480520234,0.728968627421
126.543352087,0.770513242776
126.60618394,0.809016994375
126.669015793,0.844327925502
126.731847646,0.876306680044
126.794679499,0.904827052466
126.857511352,0.929776485888
126.920343205,0.951056516295
126.983175058,0.968583161129
127.046006911,0.982287250729
127.108838764,0.992114701314
127.171670617,0.998026728428
127.23450247,1.0
127.297334323,0.998026728428
127.360166177,0.992114701314
127.42299803,0.982287250729
127.485829883,0.968583161129
127.548661736,0.951056516295
127.611493589,0.929776485888
127.674325442,0.904827052466
127.737157295,0.876306680044
127.799989148,0.844327925502
127.862821001,0.809016994375
127.925652854,0.770513242776
127.988484707,0.728968627421
128.05131656,0.684547105929
128.114148413,0.637423989749
128.176980266,0.587785252292
128.23981212,0.535826794979
128.302643973,0.481753674102
128.365475826,0.425779291565
128.428307679,0.368124552685
128.491139532,0.309016994375
128.553971385,0.248689887165
128.616803238,0.187381314586
128.679635091,0.125333233564
128.742466944,0.0627905195293
128.805298797,1.56791929129e-14
128.86813065,-0.0627905195293
128.930962503,-0.125333233564
128.993794356,-0.187381314586
129.056626209,-0.248689887165
129.119458063,-0.309016994375
129.182289916,-0.368124552685
129.245121769,-0.425779291565
129.307953622,-0.481753674102
129.370785475,-0.535826794979
129.433617328,-0.587785252292
129.496449181,-0.637423989749
129.559281034,-0.684547105929
129.622112887,-0.728968627421
129.68494474,-0.770513242776
129.747776593,-0.809016994375
129.810608446,-0.844327925502
129.873440299,-0.876306680044
129.936272152,-0.904827052466
129.999104006,-0.929776485888
130.061935859,-0.951056516295
130.124767712,-0.968583161129
130.187599565,-0.982287250729
130.250431418,-0.992114701314
130.313263271,-0.998026728428
130.376095124,-1.0
130.438926977,-0.998026728428
130.50175883,-0.992114701314
130.564590683,-0.982287250729
130.627422536,-0.968583161129
130.690254389,-0.951056516295
130.753086242,-0.929776485888
130.815918095,-0.904827052466
130.878749949,-0.876306680044
130.941581802,-0.844327925502
131.004413655,-0.809016994375
131.067245508,-0.770513242776
131.130077361,-0.728968627421
131.192909214,-0.684547105929
131.255741067,-0.637423989749
131.31857292,-0.587785252292
131.381404773,-0.535826794979
131.444236626,-0.481753674102
131.507068479,-0.425779291565
131.569900332,-0.368124552685
131.632732185,-0.309016994375
131.695564038,-0.248689887165
131.758395892,-0.187381314586
131.821227745,-0.125333233564
131.884059598,-0.0627905195293
131.946891451,1.96191080118e-15
132.009723304,0.0627905195293
132.072555157,0.125333233564
132.13538701,0.187381314586
132.198218863,0.248689887165
132.261050716,0.309016994375
132.323882569,0.368124552685
132.386714422,0.425779291565
132.449546275,0.481753674102
132.512378128,0.535826794979
132.575209981,0.587785252292
132.638041835,0.637423989749
132.700873688,0.684547105929
132.763705541,0.728968627421
132.826537394,0.770513242776
132.889369247,0.809016994375
132.9522011,0.844327925502
133.015032953,0.876306680044
133.077864806,0.904827052466
133.140696659,0.929776485888
133.203528512,0.951056516295
133.266360365,0.968583161129
133.329192218,0.982287250729
133.392024071,0.992114701314
133.454855924,0.998026728428
133.517687778,1.0
133.580519631,0.998026728428
133.643351484,0.992114701314
133.706183337,0.982287250729
133.76901519,0.968583161129
133.831847043,0.951056516295
133.894678896,0.929776485888
133.957510749,0.904827052466
134.020342602,0.876306680044
134.083174455,0.844327925502
134.146006308,0.809016994375
134.208838161,0.770513242776
134.271670014,0.728968627421
134.334501867,0.684547105929
134.397333721,0.637423989749
134.460165574,0.587785252292
134.522997427,0.535826794979
134.58582928,0.481753674102
134.648661133,0.425779291565
134.711492986,0.368124552685
134.774324839,0.309016994375
134.837156692,0.248689887165
134.899988545,0.187381314586
134.962820398,0.125333233564
135.025652251,0.0627905195293
135.088484104,8.81869491513e-15
135.151315957,-0.0627905195293
135.214147811,-0.125333233564
135.276979664,-0.187381314586
135.339811517,-0.248689887165
135.40264337,-0.309016994375
135.465475223,-0.368124552685
135.528307076,-0.425779291565
135.591138929,-0.481753674102
135.653970782,-0.535826794979
135.716802635,-0.587785252292
135.779634488,-0.637423989749
135.842466341,-0.684547105929
135.905298194,-0.728968627421
135.968130047,-0.770513242776
136.0309619,-0.809016994375
136.093793754,-0.844327925502
136.156625607,-0.876306680044
136.21945746,-0.904827052466
136.282289313,-0.929776485888
136.345121166,-0.951056516295
136.407953019,-0.968583161129
136.470784872,-0.982287250729
136.533616725,-0.992114701314
136.596448578,-0.998026728428
136.659280431,-1.0
136.722112284,-0.998026728428
136.784944137,-0.992114701314
136.84777599,-0.982287250729
136.910607843,-0.968583161129
136.973439697,-0.951056516295
137.03627155,-0.929776485888
137.099103403,-0.904827052466
137.161935256,-0.876306680044
137.224767109,-0.844327925502
137.287598962,-0.809016994375
137.350430815,-0.770513242776
137.413262668,-0.728968627421
137.476094521,-0.684547105929
137.538926374,-0.637423989749
137.601758227,-0.587785252292
137.66459008,-0.535826794979
137.727421933,-0.481753674102
137.790253786,-0.425779291565
137.85308564,-0.368124552685
137.915917493,-0.309016994375
137.978749346,-0.248689887165
138.041581199,-0.187381314586
138.104413052,-0.125333233564
138.167244905,-0.0627905195293
138.230076758,8.82240879895e-15
138.292908611,0.0627905195293
138.355740464,0.125333233564
138.418572317,0.187381314586
138.48140417,0.248689887165
138.544236023,0.309016994375
138.607067876,0.368124552685
138.669899729,0.425779291565
138.732731583,0.481753674102
138.795563436,0.535826794979
138.858395289,0.587785252292
138.921227142,0.637423989749
138.984058995,0.684547105929
139.046890848,0.728968627421
139.109722701,0.770513242776
139.172554554,0.809016994375
139.235386407,0.844327925502
139.29821826,0.876306680044
139.361050113,0.904827052466
139.423881966,0.929776485888
139.486713819,0.951056516295
139.549545672,0.968583161129
139.612377526,0.982287250729
139.675209379,0.992114701314
139.738041232,0.998026728428
139.800873085,1.0
139.863704938,0.998026728428
139.926536791,0.992114701314
139.989368644,0.982287250729
140.052200497,0.968583161129
140.11503235,0.951056516295
140.177864203,0.929776485888
140.240696056,0.904827052466
140.303527909,0.876306680044
140.366359762,0.844327925502
140.429191615,0.809016994375
140.492023469,0.770513242776
140.554855322,0.728968627421
140.617687175,0.684547105929
140.680519028,0.637423989749
140.743350881,0.587785252292
140.806182734,0.535826794979
140.869014587,0.481753674102
140.93184644,0.425779291565
140.994678293,0.368124552685
141.057510146,0.309016994375
141.120341999,0.248689887165
141.183173852,0.187381314586
141.246005705,0.125333233564
141.308837558,0.0627905195293
141.371669412,1.95819691736e-15
141.434501265,-0.0627905195293
141.497333118,-0.125333233564
141.560164971,-0.187381314586
141.622996824,-0.248689887165
141.685828677,-0.309016994375
141.74866053,-0.368124552685
141.811492383,-0.425779291565
141.874324236,-0.481753674102
141.937156089,-0.535826794979
141.999987942,-0.587785252292
142.062819795,-0.637423989749
142.125651648,-0.684547105929
142.188483501,-0.728968627421
142.251315355,-0.770513242776
142.314147208,-0.809016994375
142.376979061,-0.844327925502
142.439810914,-0.876306680044
142.502642767,-0.904827052466
142.56547462,-0.929776485888
142.628306473,-0.951056516295
142.691138326,-0.968583161129
142.753970179,-0.982287250729
142.816802032,-0.992114701314
142.879633885,-0.998026728428
142.942465738,-1.0
143.005297591,-0.998026728428
143.068129444,-0.992114701314
143.130961298,-0.982287250729
143.193793151,-0.968583161129
143.256625004,-0.951056516295
143.319456857,-0.929776485888
143.38228871,-0.904827052466
143.445120563,-0.876306680044
143.507952416,-0.844327925502
143.570784269,-0.809016994375
143.633616122,-0.770513242776
143.696447975,-0.728968627421
143.759279828,-0.684547105929
143.822111681,-0.637423989749
143.884943534,-0.587785252292
143.947775387,-0.535826794979
144.010607241,-0.481753674102
144.073439094,-0.425779291565
144.136270947,-0.368124552685
144.1991028,-0.309016994375
144.261934653,-0.248689887165
144.324766506,-0.187381314586
144.387598359,-0.125333233564
144.450430212,-0.0627905195293
144.513262065,-1.27388026337e-14
144.576093918,0.0627905195293
144.638925771,0.125333233564
144.701757624,0.187381314586
144.764589477,0.248689887165
144.82742133,0.309016994375
144.890253184,0.368124552685
144.953085037,0.425779291565
145.01591689,0.481753674102
145.078748743,0.535826794979
145.141580596,0.587785252292
145.204412449,0.637423989749
145.267244302,0.684547105929
145.330076155,0.728968627421
145.392908008,0.770513242776
145.455739861,0.809016994375
145.518571714,0.844327925502
145.581403567,0.876306680044
145.64423542,0.904827052466
145.707067273,0.929776485888
145.769899127,0.951056516295
145.83273098,0.968583161129
145.895562833,0.982287250729
145.958394686,0.992114701314
146.021226539,0.998026728428
146.084058392,1.0
146.146890245,0.998026728428
146.209722098,0.992114701314
146.272553951,0.982287250729
146.335385804,0.968583161129
146.398217657,0.951056516295
146.46104951,0.929776485888
146.523881363,0.904827052466
146.586713216,0.876306680044
146.64954507,0.844327925502
146.712376923,0.809016994375
146.775208776,0.770513242776
146.838040629,0.728968627421
146.900872482,0.684547105929
146.963704335,0.637423989749
147.026536188,0.587785252292
147.089368041,0.535826794979
147.152199894,0.481753674102
147.215031747,0.425779291565
147.2778636,0.368124552685
147.340695453,0.309016994375
147.403527306,0.248689887165
147.46635916,0.187381314586
147.529191013,0.125333233564
147.592022866,0.0627905195293
147.654854719,2.351940835e-14
147.717686572,-0.0627905195293
147.780518425,-0.125333233564
147.843350278,-0.187381314586
147.906182131,-0.248689887165
147.969013984,-0.309016994375
148.031845837,-0.368124552685
148.09467769,-0.425779291565
148.157509543,-0.481753674102
148.220341396,-0.535826794979
148.283173249,-0.587785252292
148.346005103,-0.637423989749
148.408836956,-0.684547105929
148.471668809,-0.728968627421
148.534500662,-0.770513242776
148.597332515,-0.809016994375
148.660164368,-0.844327925502
148.722996221,-0.876306680044
148.785828074,-0.904827052466
148.848659927,-0.929776485888
148.91149178,-0.951056516295
148.974323633,-0.968583161129
149.037155486,-0.982287250729
149.099987339,-0.992114701314
149.162819192,-0.998026728428
149.225651046,-1.0
149.288482899,-0.998026728428
149.351314752,-0.992114701314
149.414146605,-0.982287250729
149.476978458,-0.968583161129
149.539810311,-0.951056516295
149.602642164,-0.929776485888
149.665474017,-0.904827052466
149.72830587,-0.876306680044
149.791137723,-0.844327925502
149.853969576,-0.809016994375
149.916801429,-0.770513242776
149.979633282,-0.728968627421
150.042465135,-0.684547105929
150.105296989,-0.637423989749
150.168128842,-0.587785252292
150.230960695,-0.535826794979
150.293792548,-0.481753674102
150.356624401,-0.425779291565
150.419456254,-0.368124552685
150.482288107,-0.309016994375
150.54511996,-0.248689887165
150.607951813,-0.187381314586
150.670783666,-0.125333233564
150.733615519,-0.0627905195293
150.796447372,-5.87830463591e-15
150.859279225,0.0627905195293
150.922111078,0.125333233564
150.984942932,0.187381314586
151.047774785,0.248689887165
151.110606638,0.309016994375
151.173438491,0.368124552685
151.236270344,0.425779291565
151.299102197,0.481753674102
151.36193405,0.535826794979
151.424765903,0.587785252292
151.487597756,0.637423989749
151.550429609,0.684547105929
151.613261462,0.728968627421
151.676093315,0.770513242776
151.738925168,0.809016994375
151.801757021,0.844327925502
151.864588875,0.876306680044
151.927420728,0.904827052466
151.990252581,0.929776485888
152.053084434,0.951056516295
152.115916287,0.968583161129
152.17874814,0.982287250729
152.241579993,0.992114701314
152.304411846,0.998026728428
152.367243699,1.0
152.430075552,0.998026728428
152.492907405,0.992114701314
152.555739258,0.982287250729
152.618571111,0.968583161129
152.681402964,0.951056516295
152.744234818,0.929776485888
152.807066671,0.904827052466
152.869898524,0.876306680044
152.932730377,0.844327925502
152.99556223,0.809016994375
153.058394083,0.770513242776
153.121225936,0.728968627421
153.184057789,0.684547105929
153.246889642,0.637423989749
153.309721495,0.587785252292
153.372553348,0.535826794979
153.435385201,0.481753674102
153.498217054,0.425779291565
153.561048907,0.368124552685
153.623880761,0.309016994375
153.686712614,0.248689887165
153.749544467,0.187381314586
153.81237632,0.125333233564
153.875208173,0.0627905195293
153.938040026,1.66589103522e-14
154.000871879,-0.0627905195293
154.063703732,-0.125333233564
154.126535585,-0.187381314586
154.189367438,-0.248689887165
154.252199291,-0.309016994375
154.315031144,-0.368124552685
154.377862997,-0.425779291565
154.44069485,-0.481753674102
154.503526704,-0.535826794979
154.566358557,-0.587785252292
154.62919041,-0.637423989749
154.692022263,-0.684547105929
154.754854116,-0.728968627421
154.817685969,-0.770513242776
154.880517822,-0.809016994375
154.943349675,-0.844327925502
155.006181528,-0.876306680044
155.069013381,-0.904827052466
155.131845234,-0.929776485888
155.194677087,-0.951056516295
155.25750894,-0.968583161129
155.320340793,-0.982287250729
155.383172647,-0.992114701314
155.4460045,-0.998026728428
155.508836353,-1.0
155.571668206,-0.998026728428
155.634500059,-0.992114701314
155.697331912,-0.982287250729
155.760163765,-0.968583161129
155.822995618,-0.951056516295
155.885827471,-0.929776485888
155.948659324,-0.904827052466
156.011491177,-0.876306680044
156.07432303,-0.844327925502
156.137154883,-0.809016994375
156.199986736,-0.770513242776
156.26281859,-0.728968627421
156.325650443,-0.684547105929
156.388482296,-0.637423989749
156.451314149,-0.587785252292
156.514146002,-0.535826794979
156.576977855,-0.481753674102
156.639809708,-0.425779291565
156.702641561,-0.368124552685
156.765473414,-0.309016994375
156.828305267,-0.248689887165
156.89113712,-0.187381314586
156.953968973,-0.125333233564
157.016800826,-0.0627905195293
157.079632679,9.82193361864e-16
157.142464533,0.0627905195293
157.205296386,0.125333233564
157.268128239,0.187381314586
157.330960092,0.248689887165
157.393791945,0.309016994375
157.456623798,0.368124552685
157.519455651,0.425779291565
157.582287504,0.481753674102
157.645119357,0.535826794979
157.70795121,0.587785252292
157.770783063,0.637423989749
157.833614916,0.684547105929
157.896446769,0.728968627421
157.959278622,0.770513242776
158.022110476,0.809016994375
158.084942329,0.844327925502
158.147774182,0.876306680044
158.210606035,0.904827052466
158.273437888,0.929776485888
158.336269741,0.951056516295
158.399101594,0.968583161129
158.461933447,0.982287250729
158.5247653,0.992114701314
158.587597153,0.998026728428
158.650429006,1.0
158.713260859,0.998026728428
158.776092712,0.992114701314
158.838924565,0.982287250729
158.901756419,0.968583161129
158.964588272,0.951056516295
159.027420125,0.929776485888
159.090251978,0.904827052466
159.153083831,0.876306680044
159.215915684,0.844327925502
159.278747537,0.809016994375
159.34157939,0.770513242776
159.404411243,0.728968627421
159.467243096,0.684547105929
159.530074949,0.637423989749
159.592906802,0.587785252292
159.655738655,0.535826794979
159.718570509,0.481753674102
159.781402362,0.425779291565
159.844234215,0.368124552685
159.907066068,0.309016994375
159.969897921,0.248689887165
160.032729774,0.187381314586
160.095561627,0.125333233564
160.15839348,0.0627905195293
160.221225333,9.79841235445e-15
160.284057186,-0.0627905195293
160.346889039,-0.125333233564
160.409720892,-0.187381314586
160.472552745,-0.248689887165
160.535384598,-0.309016994375
160.598216452,-0.368124552685
160.661048305,-0.425779291565
160.723880158,-0.481753674102
160.786712011,-0.535826794979
160.849543864,-0.587785252292
160.912375717,-0.637423989749
160.97520757,-0.684547105929
161.038039423,-0.728968627421
161.100871276,-0.770513242776
161.163703129,-0.809016994375
161.226534982,-0.844327925502
161.289366835,-0.876306680044
161.352198688,-0.904827052466
161.415030541,-0.929776485888
161.477862395,-0.951056516295
161.540694248,-0.968583161129
161.603526101,-0.982287250729
161.666357954,-0.992114701314
161.729189807,-0.998026728428
161.79202166,-1.0
161.854853513,-0.998026728428
161.917685366,-0.992114701314
161.980517219,-0.982287250729
162.043349072,-0.968583161129
162.106180925,-0.951056516295
162.169012778,-0.929776485888
162.231844631,-0.904827052466
162.294676484,-0.876306680044
162.357508338,-0.844327925502
162.420340191,-0.809016994375
162.483172044,-0.770513242776
162.546003897,-0.728968627421
162.60883575,-0.684547105929
162.671667603,-0.637423989749
162.734499456,-0.587785252292
162.797331309,-0.535826794979
162.860163162,-0.481753674102
162.922995015,-0.425779291565
162.985826868,-0.368124552685
163.048658721,-0.309016994375
163.111490574,-0.248689887165
163.174322427,-0.187381314586
163.237154281,-0.125333233564
163.299986134,-0.0627905195293
163.362817987,-2.05790180708e-14
163.42564984,0.0627905195293
163.488481693,0.125333233564
163.551313546,0.187381314586
163.614145399,0.248689887165
163.676977252,0.309016994375
163.739809105,0.368124552685
163.802640958,0.425779291565
163.865472811,0.481753674102
163.928304664,0.535826794979
163.991136517,0.587785252292
164.05396837,0.637423989749
164.116800224,0.684547105929
164.179632077,0.728968627421
164.24246393,0.770513242776
164.305295783,0.809016994375
164.368127636,0.844327925502
164.430959489,0.876306680044
164.493791342,0.904827052466
164.556623195,0.929776485888
164.619455048,0.951056516295
164.682286901,0.968583161129
164.745118754,0.982287250729
164.807950607,0.992114701314
164.87078246,0.998026728428
164.933614313,1.0
164.996446167,0.998026728428
165.05927802,0.992114701314
165.122109873,0.982287250729
165.184941726,0.968583161129
165.247773579,0.951056516295
165.310605432,0.929776485888
165.373437285,0.904827052466
165.436269138,0.876306680044
165.499100991,0.844327925502
165.561932844,0.809016994375
165.624764697,0.770513242776
165.68759655,0.728968627421
165.750428403,0.684547105929
165.813260256,0.637423989749
165.87609211,0.587785252293
165.938923963,0.535826794979
166.001755816,0.481753674102
166.064587669,0.425779291565
166.127419522,0.368124552685
166.190251375,0.309016994375
166.253083228,0.248689887165
166.315915081,0.187381314586
166.378746934,0.125333233564
166.441578787,0.0627905195293
166.50441064,2.93791435668e-15
166.567242493,-0.0627905195293
166.630074346,-0.125333233564
166.692906199,-0.187381314586
166.755738053,-0.248689887165
166.818569906,-0.309016994375
166.881401759,-0.368124552685
166.944233612,-0.425779291565
167.007065465,-0.481753674102
167.069897318,-0.535826794979
167.132729171,-0.587785252292
167.195561024,-0.637423989749
167.258392877,-0.684547105929
167.32122473,-0.728968627421
167.384056583,-0.770513242776
167.446888436,-0.809016994375
167.509720289,-0.844327925502
167.572552142,-0.876306680044
167.635383996,-0.904827052466
167.698215849,-0.929776485888
167.761047702,-0.951056516295
167.823879555,-0.968583161129
167.886711408,-0.982287250729
167.949543261,-0.992114701314
168.012375114,-0.998026728428
168.075206967,-1.0
168.13803882,-0.998026728428
168.200870673,-0.992114701314
168.263702526,-0.982287250729
168.326534379,-0.968583161129
168.389366232,-0.951056516295
168.452198085,-0.929776485888
168.515029939,-0.904827052466
168.577861792,-0.876306680044
168.640693645,-0.844327925502
168.703525498,-0.809016994375
168.766357351,-0.770513242776
168.829189204,-0.728968627421
168.892021057,-0.684547105929
168.95485291,-0.637423989749
169.017684763,-0.587785252292
169.080516616,-0.535826794979
169.143348469,-0.481753674102
169.206180322,-0.425779291565
169.269012175,-0.368124552685
169.331844028,-0.309016994375
169.394675882,-0.248689887165
169.457507735,-0.187381314586
169.520339588,-0.125333233564
169.583171441,-0.0627905195293
169.646003294,1.47031893574e-14
169.708835147,0.0627905195293
169.771667,0.125333233564
169.834498853,0.187381314586
169.897330706,0.248689887165
169.960162559,0.309016994375
170.022994412,0.368124552685
170.085826265,0.425779291565
170.148658118,0.481753674102
170.211489971,0.535826794979
170.274321825,0.587785252292
170.337153678,0.637423989749
170.399985531,0.684547105929
170.462817384,0.728968627421
170.525649237,0.770513242776
170.58848109,0.809016994375
170.651312943,0.844327925502
170.714144796,0.876306680044
170.776976649,0.904827052466
170.839808502,0.929776485888
170.902640355,0.951056516295
170.965472208,0.968583161129
171.028304061,0.982287250729
171.091135915,0.992114701314
171.153967768,0.998026728428
171.216799621,1.0
171.279631474,0.998026728428
171.342463327,0.992114701314
171.40529518,0.982287250729
171.468127033,0.968583161129
171.530958886,0.951056516295
171.593790739,0.929776485888
171.656622592,0.904827052466
171.719454445,0.876306680044
171.782286298,0.844327925502
171.845118151,0.809016994375
171.907950004,0.770513242776
171.970781858,0.728968627421
172.033613711,0.684547105929
172.096445564,0.637423989749
172.159277417,0.587785252292
172.22210927,0.535826794979
172.284941123,0.481753674102
172.347772976,0.425779291565
172.410604829,0.368124552685
172.473436682,0.309016994375
172.536268535,0.248689887165
172.599100388,0.187381314586
172.661932241,0.125333233564
172.724764094,0.0627905195293
172.787595947,2.44991257893e-14
172.850427801,-0.0627905195293
172.913259654,-0.125333233564
172.976091507,-0.187381314586
173.03892336,-0.248689887165
173.101755213,-0.309016994375
173.164587066,-0.368124552685
173.227418919,-0.425779291565
173.290250772,-0.481753674102
173.353082625,-0.535826794979
173.415914478,-0.587785252292
173.478746331,-0.637423989749
173.541578184,-0.684547105929
173.604410037,-0.728968627421
173.66724189,-0.770513242776
173.730073744,-0.809016994375
173.792905597,-0.844327925502
173.85573745,-0.876306680044
173.918569303,-0.904827052466
173.981401156,-0.929776485888
174.044233009,-0.951056516295
174.107064862,-0.968583161129
174.169896715,-0.982287250729
174.232728568,-0.992114701314
174.295560421,-0.998026728428
174.358392274,-1.0
174.421224127,-0.998026728428
174.48405598,-0.992114701314
174.546887833,-0.982287250729
174.609719687,-0.968583161129
174.67255154,-0.951056516295
174.735383393,-0.929776485888
174.798215246,-0.904827052466
174.861047099,-0.876306680044
174.923878952,-0.844327925502
174.986710805,-0.809016994375
175.049542658,-0.770513242776
175.112374511,-0.728968627421
175.175206364,-0.684547105929
175.238038217,-0.637423989749
175.30087007,-0.587785252292
175.363701923,-0.535826794979
175.426533776,-0.481753674102
175.48936563,-0.425779291565
175.552197483,-0.368124552685
175.615029336,-0.309016994375
175.677861189,-0.248689887165
175.740693042,-0.187381314586
175.803524895,-0.125333233564
175.866356748,-0.0627905195293
175.929188601,-3.52797315056e-14
175.992020454,0.0627905195293
176.054852307,0.125333233564
176.11768416,0.187381314586
176.180516013,0.248689887165
176.243347866,0.309016994375
176.306179719,0.368124552685
176.369011573,0.425779291565
176.431843426,0.481753674102
176.494675279,0.535826794979
176.557507132,0.587785252292
176.620338985,0.637423989749
176.683170838,0.684547105929
176.746002691,0.728968627421
176.808834544,0.770513242776
176.871666397,0.809016994375
176.93449825,0.844327925502
176.997330103,0.876306680044
177.060161956,0.904827052466
177.122993809,0.929776485888
177.185825662,0.951056516295
177.248657516,0.968583161129
177.311489369,0.982287250729
177.374321222,0.992114701314
177.437153075,0.998026728428
177.499984928,1.0
177.562816781,0.998026728428
177.625648634,0.992114701314
177.688480487,0.982287250729
177.75131234,0.968583161129
177.814144193,0.951056516295
177.876976046,0.929776485888
177.939807899,0.904827052466
178.002639752,0.876306680044
178.065471605,0.844327925502
178.128303459,0.809016994375
178.191135312,0.770513242776
178.253967165,0.728968627421
178.316799018,0.684547105929
178.379630871,0.637423989749
178.442462724,0.587785252292
178.505294577,0.535826794979
178.56812643,0.481753674102
178.630958283,0.425779291565
178.693790136,0.368124552685
178.756621989,0.309016994375
178.819453842,0.248689887165
178.882285695,0.187381314586
178.945117548,0.125333233564
179.007949402,0.0627905195293
179.070781255,1.76386277915e-14
179.133613108,-0.0627905195293
179.196444961,-0.125333233564
179.259276814,-0.187381314586
179.322108667,-0.248689887165
179.38494052,-0.309016994375
179.447772373,-0.368124552685
179.510604226,-0.425779291565
179.573436079,-0.481753674102
179.636267932,-0.535826794979
179.699099785,-0.587785252292
179.761931638,-0.637423989749
179.824763491,-0.684547105929
179.887595345,-0.728968627421
179.950427198,-0.770513242776
180.013259051,-0.809016994375
180.076090904,-0.844327925502
180.138922757,-0.876306680044
180.20175461,-0.904827052466
180.264586463,-0.929776485888
180.327418316,-0.951056516295
180.390250169,-0.968583161129
180.453082022,-0.982287250729
180.515913875,-0.992114701314
180.578745728,-0.998026728428
180.641577581,-1.0
180.704409434,-0.998026728428
180.767241288,-0.992114701314
180.830073141,-0.982287250729
180.892904994,-0.968583161129
180.955736847,-0.951056516295
181.0185687,-0.929776485888
181.081400553,-0.904827052466
181.144232406,-0.876306680044
181.207064259,-0.844327925502
181.269896112,-0.809016994375
181.332727965,-0.770513242776
181.395559818,-0.728968627421
181.458391671,-0.684547105929
181.521223524,-0.637423989749
181.584055377,-0.587785252292
181.646887231,-0.535826794979
181.709719084,-0.481753674102
181.772550937,-0.425779291565
181.83538279,-0.368124552685
181.898214643,-0.309016994375
181.961046496,-0.248689887165
182.023878349,-0.187381314586
182.086710202,-0.125333233564
182.149542055,-0.0627905195293
182.212373908,-2.84192335079e-14
182.275205761,0.0627905195293
182.338037614,0.125333233564
182.400869467,0.187381314586
182.46370132,0.248689887165
182.526533174,0.309016994375
182.589365027,0.368124552685
182.65219688,0.425779291565
182.715028733,0.481753674102
182.777860586,0.535826794979
182.840692439,0.587785252292
182.903524292,0.637423989749
182.966356145,0.684547105929
183.029187998,0.728968627421
183.092019851,0.770513242776
183.154851704,0.809016994375
183.217683557,0.844327925502
183.28051541,0.876306680044
183.343347264,0.904827052466
183.406179117,0.929776485888
183.46901097,0.951056516295
183.531842823,0.968583161129
183.594674676,0.982287250729
183.657506529,0.992114701314
183.720338382,0.998026728428
183.783170235,1.0
183.846002088,0.998026728428
183.908833941,0.992114701314
183.971665794,0.982287250729
184.034497647,0.968583161129
184.0973295,0.951056516295
184.160161353,0.929776485888
184.222993207,0.904827052466
184.28582506,0.876306680044
184.348656913,0.844327925502
184.411488766,0.809016994375
184.474320619,0.770513242776
184.537152472,0.728968627421
184.599984325,0.684547105929
184.662816178,0.637423989749
184.725648031,0.587785252292
184.788479884,0.535826794979
184.851311737,0.481753674102
184.91414359,0.425779291565
184.976975443,0.368124552685
185.039807296,0.309016994375
185.10263915,0.248689887165
185.165471003,0.187381314586
185.228302856,0.125333233564
185.291134709,0.0627905195293
185.353966562,1.07781297938e-14
185.416798415,-0.0627905195293
185.479630268,-0.125333233564
185.542462121,-0.187381314586
185.605293974,-0.248689887165
185.668125827,-0.309016994375
185.73095768,-0.368124552685
185.793789533,-0.425779291565
185.856621386,-0.481753674102
185.919453239,-0.535826794979
185.982285093,-0.587785252292
186.045116946,-0.637423989749
186.107948799,-0.684547105929
186.170780652,-0.728968627421
186.233612505,-0.770513242776
186.296444358,-0.809016994375
186.359276211,-0.844327925502
186.422108064,-0.876306680044
186.484939917,-0.904827052466
186.54777177,-0.929776485888
186.610603623,-0.951056516295
186.673435476,-0.968583161129
186.736267329,-0.982287250729
186.799099182,-0.992114701314
186.861931036,-0.998026728428
186.924762889,-1.0
186.987594742,-0.998026728428
187.050426595,-0.992114701314
187.113258448,-0.982287250729
187.176090301,-0.968583161129
187.238922154,-0.951056516295
187.301754007,-0.929776485888
187.36458586,-0.904827052466
187.427417713,-0.876306680044
187.490249566,-0.844327925502
187.553081419,-0.809016994375
187.615913272,-0.770513242776
187.678745125,-0.728968627421
187.741576979,-0.684547105929
187.804408832,-0.637423989749
187.867240685,-0.587785252292
187.930072538,-0.535826794979
187.992904391,-0.481753674102
188.055736244,-0.425779291565
188.118568097,-0.368124552685
188.18139995,-0.309016994375
188.244231803,-0.248689887165
188.307063656,-0.187381314586
188.369895509,-0.125333233564
188.432727362,-0.0627905195293
